,Description,Processor,RAM,Operating System,Storage,Display,Warranty,Price,RAM_GB,DDR_Version,Processor Name,Processor Type,Generation,Operating System Type,Storage_GB,Disk Drive,Size(Inches),Company,Graphic Card,Touchscreen,SSD,HDD
0,HP Spectre x360 Core i5 10th Gen - (8 GB/512 GB SSD/Windows 10 Home) 13-aw0204TU 2 in 1 Laptop,Intel Core i5 Processor (10th Gen),8 GB DDR4 RAM,64 bit Windows 10 Operating System,512 GB SSD,33.78 cm (13.3 inch) Touchscreen Display,1 Year Onsite Warranty,102990.0,8,4,Intel,i5,10,Windows,512,SSD,13.3,HP,No,Yes,512 ,0
1,Asus VivoBook 14 Core i5 8th Gen - (8 GB/512 GB SSD/Windows 10 Home/2 GB Graphics) X412FJ-EK178T Thin ...,Intel Core i5 Processor (8th Gen),8 GB DDR4 RAM,64 bit Windows 10 Operating System,512 GB SSD,35.56 cm (14 inch) Display,1 Year Limited International Hardware Warranty,55990.0,8,4,Intel,i5,8,Windows,512,SSD,14.0,Asus,Yes,No,512 ,0
2,Acer Aspire 7 Core i5 9th Gen - (8 GB/512 GB SSD/Windows 10 Home/4 GB Graphics/NVIDIA Geforce GTX 1650...,Intel Core i5 Processor (9th Gen),8 GB DDR4 RAM,64 bit Windows 10 Operating System,512 GB SSD,39.62 cm (15.6 inch) Display,1 Year International Travelers Warranty (ITW),56990.0,8,4,Intel,i5,9,Windows,512,SSD,15.6,Acer,Yes,No,512 ,0
3,Asus VivoBook 14 Ryzen 5 Quad Core 2nd Gen - (8 GB/512 GB SSD/Windows 10 Home) X412DA-EK501T Thin and ...,AMD Ryzen 5 Quad Core Processor (2nd Gen),8 GB DDR4 RAM,64 bit Windows 10 Operating System,512 GB SSD,35.56 cm (14 inch) Display,1 Year Limited International Hardware Warranty,42990.0,8,4,AMD,Ryzen 5,2,Windows,512,SSD,14.0,Asus,No,No,512 ,0
4,HP 14s Core i5 10th Gen - (8 GB/512 GB SSD/Windows 10 Home) 14s-cs3010TU Laptop,Intel Core i5 Processor (10th Gen),8 GB DDR4 RAM,64 bit Windows 10 Operating System,512 GB SSD,35.56 cm (14 inch) Display,1 Year Onsite Warranty,52990.0,8,4,Intel,i5,10,Windows,512,SSD,14.0,HP,No,No,512 ,0
5,Asus VivoBook 14 Core i5 10th Gen - (8 GB/1 TB HDD/256 GB SSD/Windows 10 Home/2 GB Graphics) X412FJ-EK...,Intel Core i5 Processor (10th Gen),8 GB DDR4 RAM,64 bit Windows 10 Operating System,1 TB HDD|256 GB SSD,35.56 cm (14 inch) Display,1 Year Onsite Warranty,59990.0,8,4,Intel,i5,10,Windows,1000+256,Both,14.0,Asus,Yes,No,256 ,1000
6,Asus VivoBook Gaming Core i5 9th Gen - (8 GB/1 TB HDD/256 GB SSD/Windows 10 Home/4 GB Graphics/NVIDIA ...,Intel Core i5 Processor (9th Gen),8 GB DDR4 RAM,64 bit Windows 10 Operating System,1 TB HDD|256 GB SSD,39.62 cm (15.6 inch) Display,1 Year Onsite Warranty,64990.0,8,4,Intel,i5,9,Windows,1000+256,Both,15.6,Asus,Yes,No,256 ,1000
7,Asus ROG Strix G15 Core i7 10th Gen - (8 GB/1 TB SSD/Windows 10 Home/4 GB Graphics/NVIDIA Geforce GTX ...,Intel Core i7 Processor (10th Gen),8 GB DDR4 RAM,64 bit Windows 10 Operating System,1 TB SSD,39.62 cm (15.6 inch) Display,1 Year Onsite Warranty,94990.0,8,4,Intel,i7,10,Windows,1000,SSD,15.6,Asus,Yes,No,1 ,0
8,Asus VivoBook Gaming Core i7 9th Gen - (16 GB + 32 GB Optane/512 GB SSD/Windows 10 Home/4 GB Graphics/...,Intel Core i7 Processor (9th Gen),16 GB DDR4 RAM,64 bit Windows 10 Operating System,512 GB SSD,39.62 cm (15.6 inch) Display,1 Year Limited International Hardware Warranty,75990.0,16,4,Intel,i7,9,Windows,512,SSD,15.6,Asus,Yes,No,512 ,0
9,Asus VivoBook S Series Core i5 8th Gen - (8 GB/1 TB HDD/256 GB SSD/Windows 10 Home) S430FA-EB039T Thin...,Intel Core i5 Processor (8th Gen),8 GB DDR4 RAM,64 bit Windows 10 Operating System,1 TB HDD|256 GB SSD,35.56 cm (14 inch) Display,1 Year Limited International Hardware Warranty,53990.0,8,4,Intel,i5,8,Windows,1000+256,Both,14.0,Asus,No,No,256 ,1000
10,HP Pavilion x360 14 Core i3 10th Gen - (4 GB/256 GB SSD/Windows 10 Home) 14-dh1007TU 2 in 1 Laptop,Intel Core i3 Processor (10th Gen),4 GB DDR4 RAM,64 bit Windows 10 Operating System,256 GB SSD,35.56 cm (14 inch) Touchscreen Display,1 Year Onsite Warranty,50990.0,4,4,Intel,i3,10,Windows,256,SSD,14.0,HP,No,Yes,256 ,0
11,Dell G3 Core i7 9th Gen - (8 GB/1 TB HDD/512 GB SSD/Windows 10 Home/4 GB Graphics/NVIDIA Geforce GTX 1...,Intel Core i7 Processor (9th Gen),8 GB DDR4 RAM,64 bit Windows 10 Operating System,1 TB HDD|512 GB SSD,39.62 cm (15.6 inch) Display,"1 Year Limited Hardware Warranty, In Home Service After Remote Diagnosis - Retail",84990.0,8,4,Intel,i7,9,Windows,512,Both,15.6,Dell,Yes,No,512 ,1000
12,HP Pavilion Gaming Ryzen 5 Quad Core - (8 GB/1 TB HDD/Windows 10 Home/4 GB Graphics/NVIDIA Geforce GTX...,AMD Ryzen 5 Quad Core Processor,8 GB DDR4 RAM,64 bit Windows 10 Operating System,1 TB HDD,39.62 cm (15.6 inch) Display,1 Year Onsite Warranty,54990.0,8,4,AMD,Ryzen 5,0,Windows,1000,HDD,15.6,HP,Yes,No,1 TB HDD,0
13,Asus ZenBook Core i5 8th Gen - (8 GB/256 GB SSD/Windows 10 Home) UX430UA-GV573T Thin and Light Laptop,Intel Core i5 Processor (8th Gen),8 GB DDR3 RAM,64 bit Windows 10 Operating System,256 GB SSD,35.56 cm (14 inch) Display,1 Year Limited International Hardware Warranty,47990.0,8,3,Intel,i5,8,Windows,256,SSD,14.0,Asus,No,No,256 ,0
14,Acer Swift 3 Core i5 8th Gen - (8 GB/512 GB SSD/Windows 10 Home/2 GB Graphics) SF314-55G Thin and Ligh...,Intel Core i5 Processor (8th Gen),8 GB DDR4 RAM,64 bit Windows 10 Operating System,512 GB SSD,35.56 cm (14 inch) Display,1 Year International Travelers Warranty (ITW),54990.0,8,4,Intel,i5,8,Windows,512,SSD,14.0,Acer,Yes,No,512 ,0
15,Lenovo Thinkpad E14 Core i5 10th Gen - (8 GB/1 TB HDD/128 GB SSD/Windows 10 Home) E14 Thin and Light L...,Intel Core i5 Processor (10th Gen),8 GB DDR4 RAM,64 bit Windows 10 Operating System,1 TB HDD|128 GB SSD,35.56 cm (14 inch) Display,1 Year Onsite Warranty,59990.0,8,4,Intel,i5,10,Windows,1000+128,Both,14.0,Lenovo,No,No,128 ,1000
16,Asus Core i5 10th Gen - (8 GB/512 GB SSD/Windows 10 Home/2 GB Graphics) X509JB-EJ592T Laptop,Intel Core i5 Processor (10th Gen),8 GB DDR4 RAM,64 bit Windows 10 Operating System,512 GB SSD,39.62 cm (15.6 inch) Display,1 Year Onsite Warranty,52990.0,8,4,Intel,i5,10,Windows,512,SSD,15.6,Asus,Yes,No,512 ,0
17,HP 14s Ryzen 5 Quad Core 3rd Gen - (8 GB/1 TB HDD/256 GB SSD/Windows 10 Home) 14s-dk0093AU Thin and Li...,AMD Ryzen 5 Quad Core Processor (3rd Gen),8 GB DDR4 RAM,64 bit Windows 10 Operating System,1 TB HDD|256 GB SSD,35.56 cm (14 inch) Display,1 Year Onsite Warranty,46990.0,8,4,AMD,Ryzen 5,3,Windows,1000+256,Both,14.0,HP,No,No,256 ,1000
18,Asus VivoBook 14 Core i5 10th Gen - (8 GB/1 TB HDD/256 GB SSD/Windows 10 Home/2 GB Graphics) X412FJ-EK...,Intel Core i5 Processor (10th Gen),8 GB DDR4 RAM,64 bit Windows 10 Operating System,1 TB HDD|256 GB SSD,35.56 cm (14 inch) Display,1 Year Onsite Warranty,59990.0,8,4,Intel,i5,10,Windows,1000+256,Both,14.0,Asus,Yes,No,256 ,1000
19,Asus Core i5 10th Gen - (8 GB/512 GB SSD/Windows 10 Home/2 GB Graphics) X509JB-EJ591T Laptop,Intel Core i5 Processor (10th Gen),8 GB DDR4 RAM,64 bit Windows 10 Operating System,512 GB SSD,39.62 cm (15.6 inch) Display,1 Year Onsite Warranty,52990.0,8,4,Intel,i5,10,Windows,512,SSD,15.6,Asus,Yes,No,512 ,0
20,HP 14s Core i5 10th Gen - (8 GB/1 TB HDD/256 GB SSD/Windows 10 Home) 14S-ER0003TU Thin and Light Lapto...,Intel Core i5 Processor (10th Gen),8 GB DDR4 RAM,64 bit Windows 10 Operating System,1 TB HDD|256 GB SSD,35.56 cm (14 inch) Display,1 Year Onsite Warranty,63990.0,8,4,Intel,i5,10,Windows,1000+256,Both,14.0,HP,No,No,256 ,1000
21,MSI GF63 Thin Core i5 9th Gen - (8 GB/512 GB SSD/Windows 10 Home/4 GB Graphics/NVIDIA Geforce GTX 1650...,Intel Core i5 Processor (9th Gen),8 GB DDR4 RAM,64 bit Windows 10 Operating System,512 GB SSD,39.62 cm (15.6 inch) Display,2 Years Carry In Warranty,60990.0,8,4,Intel,i5,9,Windows,512,SSD,15.6,MSI,Yes,No,512 ,0
22,Asus Core i5 8th Gen - (8 GB/512 GB SSD/Windows 10 Home/2 GB Graphics) X509FJ-EJ502T Laptop,Intel Core i5 Processor (8th Gen),8 GB DDR4 RAM,64 bit Windows 10 Operating System,512 GB SSD,39.62 cm (15.6 inch) Display,1 Year Onsite Warranty,59990.0,8,4,Intel,i5,8,Windows,512,SSD,15.6,Asus,Yes,No,512 ,0
23,Acer Swift 3 Core i5 8th Gen - (8 GB/512 GB SSD/Windows 10 Home) SF313-51 Thin and Light Laptop,Intel Core i5 Processor (8th Gen),8 GB DDR4 RAM,64 bit Windows 10 Operating System,512 GB SSD,33.78 cm (13.3 inch) Display,1 Year International Travelers Warranty (ITW),54990.0,8,4,Intel,i5,8,Windows,512,SSD,13.3,Acer,No,No,512 ,0
24,Asus VivoBook 14 Core i5 8th Gen - (8 GB/512 GB SSD/Windows 10 Home) X412FA-EK295T Thin and Light Lapt...,Intel Core i5 Processor (8th Gen),8 GB DDR4 RAM,Windows,512 GB SSD,35.56 cm (14 inch) Display,1 Year Limited International Hardware Warranty,54990.0,8,4,Intel,i5,8,Windows,512,SSD,14.0,Asus,No,No,512 ,0
25,Lenovo Ideapad S540 Core i5 10th Gen - (8 GB/1 TB HDD/256 GB SSD/Windows 10 Home/2 GB Graphics) S540-1...,Intel Core i5 Processor (10th Gen),8 GB DDR4 RAM,Windows,1 TB HDD|256 GB SSD,39.62 cm (15.6 inch) Display,1 Year Onsite Warranty,65990.0,8,4,Intel,i5,10,Windows,1000+256,Both,15.6,Lenovo,Yes,No,256 ,1000
26,HP Omen Ryzen 5 Hexa Core - (8 GB/512 GB SSD/Windows 10 Home/6 GB Graphics/NVIDIA Geforce GTX 1660 Ti)...,AMD Ryzen 5 Hexa Core Processor,8 GB DDR4 RAM,Windows,512 GB SSD,39.62 cm (15.6 inch) Display,1 Year Onsite Warranty,85990.0,8,4,AMD,Ryzen 5,0,Windows,512,SSD,15.6,HP,Yes,No,512 ,0
27,HP 15s Core i5 10th Gen - (4 GB/1 TB HDD/256 GB SSD/Windows 10 Home) 15s-du2077TU Laptop,Intel Core i5 Processor (10th Gen),4 GB DDR4 RAM,Windows,1 TB HDD|256 GB SSD,39.62 cm (15.6 inch) Display,1 Year Onsite Warranty,52490.0,4,4,Intel,i5,10,Windows,1000+256,Both,15.6,HP,No,No,256 ,1000
28,Lenovo IdeaPad Gaming 3i Core i7 10th Gen - (8 GB/1 TB HDD/256 GB SSD/Windows 10 Home/4 GB Graphics/NV...,Intel Core i7 Processor (10th Gen),8 GB DDR4 RAM,Windows,1 TB HDD|256 GB SSD,39.62 cm (15.6 inch) Display,1 Year Onsite Warranty,78990.0,8,4,Intel,i7,10,Windows,1000+256,Both,15.6,Lenovo,Yes,No,256 ,1000
29,Acer Swift 3 Core i5 8th Gen - (8 GB/512 GB SSD/Windows 10 Home/2 GB Graphics) SF314-55G Thin and Ligh...,Intel Core i5 Processor (8th Gen),8 GB DDR4 RAM,Windows,512 GB SSD,35.56 cm (14 inch) Display,1 Year International Travelers Warranty (ITW),54990.0,8,4,Intel,i5,8,Windows,512,SSD,14.0,Acer,Yes,No,512 ,0
30,Acer Predator Helios 300 Core i7 8th Gen - (16 GB/1 TB HDD/128 GB SSD/Windows 10 Home/6 GB Graphics/NV...,Intel Core i7 Processor (8th Gen),16 GB DDR4 RAM,Windows,1 TB HDD|128 GB SSD,39.62 cm (15.6 inch) Display,1 Year International Travelers Warranty (ITW),89990.0,16,4,Intel,i7,8,Windows,1000,Both,15.6,Acer,Yes,No,128 ,1000
31,HP Pavilion x360 Core i5 10th Gen - (8 GB/1 TB HDD/256 GB SSD/Windows 10 Home) 14-dh1011TU 2 in 1 Lapt...,Intel Core i5 Processor (10th Gen),8 GB DDR4 RAM,Windows,1 TB HDD|256 GB SSD,35.56 cm (14 inch) Touchscreen Display,1 Year Onsite Warranty,73990.0,8,4,Intel,i5,10,Windows,1000+256,Both,14.0,HP,No,Yes,256 ,1000
32,Asus VivoBook 14 Core i5 10th Gen - (8 GB/1 TB HDD/256 GB SSD/Windows 10 Home/2 GB Graphics) X412FJ-EK...,Intel Core i5 Processor (10th Gen),8 GB DDR4 RAM,Windows,1 TB HDD|256 GB SSD,35.56 cm (14 inch) Display,1 Year Onsite Warranty,59990.0,8,4,Intel,i5,10,Windows,1000+256,Both,14.0,Asus,Yes,No,256 ,1000
33,Asus ZenBook Core i5 8th Gen - (8 GB/256 GB SSD/Windows 10 Home) UX430UA-GV573T Thin and Light Laptop,Intel Core i5 Processor (8th Gen),8 GB DDR3 RAM,Windows,256 GB SSD,35.56 cm (14 inch) Display,1 Year Limited International Hardware Warranty,47990.0,8,3,Intel,i5,8,Windows,256,SSD,14.0,Asus,No,No,256 ,0
34,Apple MacBook Pro with Touch Bar Core i5 10th Gen - (16 GB/512 GB SSD/Mac OS Catalina) MWP42HN/A,Intel Core i5 Processor (10th Gen),16 GB LPDDR4X RAM,Mac,512 GB SSD,33.02 cm (13 inch) Display,1 Year Limited Hardware Warranty,174900.0,16,4,Intel,i5,10,Mac,512,SSD,13.0,Apple,No,No,512 ,0
35,Asus VivoBook 14 Core i5 8th Gen - (8 GB/512 GB SSD/Windows 10 Home) X412FA-EK230T Thin and Light Lapt...,Intel Core i5 Processor (8th Gen),8 GB DDR4 RAM,Windows,512 GB SSD,35.56 cm (14 inch) Display,1 Year Limited International Hardware Warranty,54990.0,8,4,Intel,i5,8,Windows,512,SSD,14.0,Asus,No,No,512 ,0
36,Asus VivoBook 14 Core i5 10th Gen - (8 GB/1 TB HDD/256 GB SSD/Windows 10 Home) X412FA-EK512T Thin and ...,Intel Core i5 Processor (10th Gen),8 GB DDR4 RAM,Windows,1 TB HDD|256 GB SSD,35.56 cm (14 inch) Display,1 Year Onsite Warranty,55990.0,8,4,Intel,i5,10,Windows,1000+256,Both,14.0,Asus,No,No,256 ,1000
37,Acer Aspire 7 Ryzen 7 Quad Core - (8 GB/512 GB SSD/Windows 10 Home/4 GB Graphics/NVIDIA Geforce GTX 16...,AMD Ryzen 7 Quad Core Processor,8 GB DDR4 RAM,Windows,512 GB SSD,39.62 cm (15.6 inch) Display,1 Year International Travelers Warranty (ITW),61990.0,8,4,AMD,Ryzen 7,0,Windows,512,SSD,15.6,Acer,Yes,No,512 ,0
38,Lenovo Ideapad S340 Core i5 10th Gen - (8 GB/1 TB HDD/256 GB SSD/Windows 10 Home) 81VV ideapad S340 -1...,Intel Core i5 Processor (10th Gen),8 GB DDR4 RAM,Windows,1 TB HDD|256 GB SSD,35.56 cm (14 inch) Display,1 Year Onsite Warranty,56990.0,8,4,Intel,i5,10,Windows,1000+256,Both,14.0,Lenovo,No,No,256 ,1000
39,Lenovo IdeaPad Gaming 3i Core i7 10th Gen - (8 GB/1 TB HDD/256 GB SSD/Windows 10 Home/4 GB Graphics/NV...,Intel Core i7 Processor (10th Gen),8 GB DDR4 RAM,Windows,1 TB HDD|256 GB SSD,39.62 cm (15.6 inch) Display,1 Year Onsite Warranty,82990.0,8,4,Intel,i7,10,Windows,1000+256,Both,15.6,Lenovo,Yes,No,256 ,1000
40,Dell Inspiron Core i3 10th Gen - (4 GB/1 TB HDD/256 GB SSD/Windows 10 Home) Inspiron 5491 2 in 1 Lapto...,Intel Core i3 Processor (10th Gen),4 GB DDR4 RAM,Windows,1 TB HDD|256 GB SSD,35.56 cm (14 inch) Touchscreen Display,"1 Year Limited Hardware Warranty, In Home Service After Remote Diagnosis - Retail",59437.0,4,4,Intel,i3,10,Windows,1000+256,Both,14.0,Dell,No,Yes,256 ,1000
41,Asus VivoBook 15 Core i5 8th Gen - (8 GB/1 TB HDD/Windows 10 Home/2 GB Graphics) X543UB-DM581T Laptop,Intel Core i5 Processor (8th Gen),8 GB DDR4 RAM,Windows,1 TB HDD,39.62 cm (15.6 inch) Display,1 Year Limited International Hardware Warranty,44760.0,8,4,Intel,i5,8,Windows,1000,HDD,15.6,Asus,Yes,No,1 TB HDD,0
42,Asus VivoBook 14 Core i5 8th Gen - (8 GB/512 GB SSD/Windows 10 Home/2 GB Graphics) X412FJ-EK178T Thin ...,Intel Core i5 Processor (8th Gen),8 GB DDR4 RAM,Windows,512 GB SSD,35.56 cm (14 inch) Display,1 Year Limited International Hardware Warranty,55990.0,8,4,Intel,i5,8,Windows,512,SSD,14.0,Asus,Yes,No,512 ,0
43,MSI GF65 Thin Core i7 9th Gen - (16 GB/512 GB SSD/Windows 10 Home/6 GB Graphics/NVIDIA Geforce GTX 166...,Intel Core i7 Processor (9th Gen),16 GB DDR4 RAM,Windows,512 GB SSD,39.62 cm (15.6 inch) Display,2 Year Carry In Warranty,99990.0,16,4,Intel,i7,9,Windows,512,SSD,15.6,MSI,Yes,No,512 ,0
44,Lenovo Ideapad S145 Core i3 8th Gen - (8 GB/1 TB HDD/Windows 10 Home) S145-15IKB Laptop,Intel Core i3 Processor (8th Gen),8 GB DDR4 RAM,Windows,1 TB HDD,39.62 cm (15.6 inch) Display,1 Year Onsite Warranty,45990.0,8,4,Intel,i3,8,Windows,1000,HDD,15.6,Lenovo,No,No,1 TB HDD,0
45,Asus VivoBook Flip 14 Core i3 10th Gen - (4 GB/512 GB SSD/Windows 10 Home) TP412FA-EC371TS 2 in 1 Lapt...,Intel Core i3 Processor (10th Gen),4 GB DDR4 RAM,Windows,512 GB SSD,35.56 cm (14 inch) Touchscreen Display,1 Year Onsite Warranty,51990.0,4,4,Intel,i3,10,Windows,512,SSD,14.0,Asus,No,Yes,512 ,0
46,HP 15 Ryzen 3 Dual Core - (4 GB/1 TB HDD/Windows 10 Home) 15-db 1059AU Laptop,AMD Ryzen 3 Dual Core Processor,4 GB DDR4 RAM,Windows,1 TB HDD,39.62 cm (15.6 inch) Display,1 Year Onsite Warranty,33250.0,4,4,AMD,Ryzen 3,0,Windows,1000,HDD,15.6,HP,No,No,1 TB HDD,0
47,Apple MacBook Air Core i5 5th Gen - (8 GB/128 GB SSD/Mac OS Sierra) MQD32HN/A A1466,Intel Core i5 Processor (5th Gen),8 GB DDR3 RAM,Mac,128 GB SSD,33.78 cm (13.3 inch) Display,1 Year Carry In Warranty,74397.0,8,3,Intel,i5,5,Mac,128,SSD,13.3,Apple,No,No,128 ,0
48,Asus VivoBook 14 Core i5 8th Gen - (8 GB/512 GB SSD/Windows 10 Home/2 GB Graphics) X412FJ-EK176T Thin ...,Intel Core i5 Processor (8th Gen),8 GB DDR4 RAM,Windows,512 GB SSD,35.56 cm (14 inch) Display,1 Year Limited International Hardware Warranty,55990.0,8,4,Intel,i5,8,Windows,512,SSD,14.0,Asus,Yes,No,512 ,0
49,HP 15s Core i5 10th Gen - (8 GB/512 GB SSD/Windows 10 Home) 15s-du2078TU Thin and Light Laptop,Intel Core i5 Processor (10th Gen),8 GB DDR4 RAM,Windows,512 GB SSD,39.62 cm (15.6 inch) Display,1 Year Onsite Warranty,52990.0,8,4,Intel,i5,10,Windows,1000+256,Both,15.6,HP,No,No,512 ,0
50,Lenovo IdeaPad Gaming 3i Core i7 10th Gen - (8 GB/1 TB HDD/256 GB SSD/Windows 10 Home/4 GB Graphics/NV...,Intel Core i7 Processor (10th Gen),8 GB DDR4 RAM,Windows,1 TB HDD|256 GB SSD,39.62 cm (15.6 inch) Display,1 Year Onsite Warranty,82990.0,8,4,Intel,i7,10,Windows,512,SSD,15.6,Lenovo,Yes,No,256 ,1000
51,HP Spectre x360 Core i5 10th Gen - (8 GB/512 GB SSD/Windows 10 Home) 13-aw0204TU 2 in 1 Laptop,Intel Core i5 Processor (10th Gen),8 GB DDR4 RAM,Windows,512 GB SSD,33.78 cm (13.3 inch) Touchscreen Display,1 Year Onsite Warranty,102990.0,8,4,Intel,i5,10,Windows,1000+256,Both,13.3,HP,No,Yes,512 ,0
52,Microsoft Surface Laptop 3 Core i5 10th Gen - (8 GB/128 GB SSD/Windows 10 Home) 1867 Laptop,Intel Core i5 Processor (10th Gen),8 GB LPDDR4X RAM,Windows,128 GB SSD,34.29 cm (13.5 inch) Touchscreen Display,1 Year Limited Hardware Warranty,96657.0,8,4,Intel,i5,10,Windows,1000+256,Both,13.0,Microsoft,No,Yes,128 ,0
53,HP 14s Core i7 10th Gen - (8 GB/512 GB SSD/Windows 10 Home) 14s-dr1006TU Thin and Light Laptop,Intel Core i7 Processor (10th Gen),8 GB DDR4 RAM,Windows,512 GB SSD,35.56 cm (14 inch) Display,1 Year Onsite Warranty,72990.0,8,4,Intel,i7,10,Windows,512,SSD,14.0,HP,No,No,512 ,0
54,Asus VivoBook Flip 14 Core i3 10th Gen - (4 GB/512 GB SSD/Windows 10 Home) TP412FA-EC371TS 2 in 1 Lapt...,Intel Core i3 Processor (10th Gen),4 GB DDR4 RAM,Windows,512 GB SSD,35.56 cm (14 inch) Touchscreen Display,1 Year Onsite Warranty,51990.0,4,4,Intel,i3,10,Windows,1000+128,Both,14.0,Asus,No,Yes,512 ,0
55,Asus ZenBook Core i5 8th Gen - (8 GB/256 GB SSD/Windows 10 Home) UX430UA-GV372T Thin and Light Laptop,Intel Core i5 Processor (8th Gen),8 GB DDR3 RAM,Windows,256 GB SSD,35.56 cm (14 inch) Display,1 Year Limited International Hardware Warranty,54990.0,8,3,Intel,i5,8,Windows,1000+256,Both,14.0,Asus,No,No,256 ,0
56,Acer NITRO 5 Core i7 9th Gen - (8 GB/2 TB HDD/256 GB SSD/Windows 10 Home/6 GB Graphics/NVIDIA Geforce ...,Intel Core i7 Processor (9th Gen),8 GB DDR4 RAM,Windows,2 TB HDD|256 GB SSD,43.94 cm (17.3 inch) Display,1 Year International Warranty,96990.0,8,4,Intel,i7,9,Windows,1000+256,Both,17.3,Acer,Yes,No,256 ,2000
57,Asus Core i5 10th Gen - (8 GB/512 GB SSD/Windows 10 Home) X409JA-EK591T Thin and Light Laptop,Intel Core i5 Processor (10th Gen),8 GB DDR4 RAM,Windows,512 GB SSD,35.56 cm (14 inch) Display,1 Year Onsite Warranty,56990.0,8,4,Intel,i5,10,Windows,256,SSD,14.0,Asus,No,No,512 ,0
58,Lenovo Ideapad S145 Core i3 8th Gen - (4 GB/1 TB HDD/DOS) S145-15IKB Laptop,Intel Core i3 Processor (8th Gen),4 GB DDR4 RAM,DOS,1 TB HDD,39.62 cm (15.6 inch) Display,1 Year Onsite Warranty,29990.0,4,4,Intel,i3,8,DOS,512,SSD,15.6,Lenovo,No,No,1 TB HDD,0
59,MarQ by Flipkart Falkon Aerbook Core i5 8th Gen - (8 GB/256 GB SSD/Windows 10 Home) MAi5882SWT Thin an...,8th Gen Intel Core i5 for superior computing,8 GB RAM,Windows,256 GB SSD,33.78 cm (13.3 inch) Display,1 Year Onsite Warranty Commencing from the Date of Purchase,41990.0,8,0,Intel,i5,0,Windows,512,SSD,13.3,MarQ,No,No,256 ,0
60,Asus VivoBook S Series Core i5 8th Gen - (8 GB/1 TB HDD/256 GB SSD/Windows 10 Home) S430FA-EB031T Thin...,Intel Core i5 Processor (8th Gen),8 GB DDR4 RAM,Windows,1 TB HDD|256 GB SSD,35.56 cm (14 inch) Display,1 Year Limited International Hardware Warranty,53990.0,8,4,Intel,i5,8,Windows,1000+256,Both,14.0,Asus,No,No,256 ,1000
61,Apple MacBook Pro Core i7 9th Gen - (16 GB/512 GB SSD/Mac OS Catalina/4 GB Graphics) MVVJ2HN/A,Intel Core i7 Processor (9th Gen),16 GB DDR4 RAM,Mac,512 GB SSD,40.64 cm (16 inch) Display,1 Year Onsite Warranty,199900.0,16,4,Intel,i7,9,Mac,512,SSD,16.0,Apple,Yes,No,512 ,0
62,Acer Swift 5 Core i5 8th Gen - (8 GB/256 GB SSD/Windows 10 Home) SF514-52T Thin and Light Laptop,Intel Core i5 Processor (8th Gen),8 GB DDR3 RAM,Windows,256 GB SSD,35.56 cm (14 inch) Touchscreen Display,1 Year International Travelers Warranty (ITW),64990.0,8,3,Intel,i5,8,Windows,1000+256,Both,14.0,Acer,No,Yes,256 ,0
63,HP Omen Ryzen 5 Hexa Core - (8 GB/512 GB SSD/Windows 10 Home/4 GB Graphics/NVIDIA Geforce GTX 1650 Ti)...,AMD Ryzen 5 Hexa Core Processor,8 GB DDR4 RAM,Windows,512 GB SSD,39.62 cm (15.6 inch) Display,1 Year Onsite Warranty,75990.0,8,4,AMD,Ryzen 5,0,Windows,1000+256,Both,15.6,HP,Yes,No,512 ,0
64,HP 15s Ryzen 7 Quad Core - (8 GB/512 GB SSD/Windows 10 Home) 15s-eq0132AU Thin and Light Laptop,AMD Ryzen 7 Quad Core Processor,8 GB DDR4 RAM,Windows,512 GB SSD,39.62 cm (15.6 inch) Display,1 Year Onsite Warranty,57990.0,8,4,AMD,Ryzen 7,0,Windows,1000+256,Both,15.6,HP,No,No,512 ,0
65,Acer Swift 3 Core i3 8th Gen - (4 GB/256 GB SSD/Windows 10 Home) SF313-51-30EP Thin and Light Laptop,Intel Core i3 Processor (8th Gen),4 GB DDR4 RAM,Windows,256 GB SSD,33.78 cm (13.3 inch) Display,1 Year International Travelers Warranty (ITW),45990.0,4,4,Intel,i3,8,Windows,1000,HDD,13.3,Acer,No,No,256 ,0
66,Microsoft Surface Pro X SQ1 Octa Core - (8 GB/128 GB SSD/Windows 10 Home) M1876 Laptop,Microsoft SQ1 Octa Core Processor,8 GB LPDDR4X RAM,Windows,128 GB SSD,33.02 cm (13 inch) Touchscreen Display,1 Year Limited Hardware Warranty,96657.0,8,4,Microsoft,SQ1,0,Windows,512,SSD,13.0,Microsoft,No,Yes,128 ,0
67,Apple MacBook Pro with Touch Bar Core i5 10th Gen - (16 GB/1 TB SSD/Mac OS Catalina) MWP52HN/A,Intel Core i5 Processor (10th Gen),16 GB LPDDR4X RAM,Mac,1 TB SSD,33.02 cm (13 inch) Display,1 Year Limited Hardware Warranty,194900.0,16,4,Intel,i5,10,Mac,512,SSD,13.0,Apple,No,No,1 ,0
68,HP Pavilion 15-EC Ryzen 5 Quad Core - (8 GB/1 TB HDD/128 GB SSD/Windows 10 Home/3 GB Graphics/NVIDIA G...,AMD Ryzen 5 Quad Core Processor,8 GB DDR4 RAM,Windows,1 TB HDD|128 GB SSD,39.62 cm (15.6 inch) Display,1 Year Onsite Warranty,51990.0,8,4,AMD,Ryzen 5,0,Windows,1000,HDD,15.6,HP,Yes,No,128 ,1000
69,HP 14s Core i5 10th Gen - (8 GB/512 GB SSD/Windows 10 Home) 14s-cs3010TU Laptop,Intel Core i5 Processor (10th Gen),8 GB DDR4 RAM,Windows,1 TB HDD,35.56 cm (14 inch) Display,1 Year Onsite Warranty,52990.0,8,4,Intel,i5,10,Windows,512,SSD,14.0,HP,No,No,1 TB HDD,0
70,HP 15 Core i3 8th Gen - (4 GB/1 TB HDD/Windows 10 Home/2 GB Graphics) 15-Di0000TX Laptop,Intel Core i3 Processor (8th Gen),4 GB DDR4 RAM,Windows,1 TB HDD,39.62 cm (15.6 inch) Display,1 Year Onsite Warranty,37990.0,4,4,Intel,i3,8,Windows,1000,HDD,15.6,HP,Yes,No,1 TB HDD,0
71,Lenovo Ideapad L340 Core i7 9th Gen - (8 GB/1 TB HDD/256 GB SSD/Windows 10 Home/4 GB Graphics/NVIDIA G...,Intel Core i7 Processor (9th Gen),8 GB DDR4 RAM,Windows,1 TB HDD|256 GB SSD,39.62 cm (15.6 inch) Display,1 Year Onsite Warranty,73990.0,8,4,Intel,i7,9,Windows,1000+128,Both,15.6,Lenovo,Yes,No,256 ,1000
72,HP Pavilion 15-EC Ryzen 5 Quad Core - (8 GB/1 TB HDD/128 GB SSD/Windows 10 Home/3 GB Graphics/NVIDIA G...,AMD Ryzen 5 Quad Core Processor,8 GB DDR4 RAM,64 bit Windows 10 Operating System,1 TB HDD|128 GB SSD,39.62 cm (15.6 inch) Display,1 Year Onsite Warranty,51990.0,8,4,AMD,Ryzen 5,0,Windows,1000+128,Both,14.0,HP,Yes,No,128 ,1000
73,HP Spectre x360 Core i7 10th Gen - (16 GB/1 TB SSD/Windows 10 Pro) 13-aw0188TU 2 in 1 Laptop,Intel Core i7 Processor (10th Gen),16 GB DDR4 RAM,64 bit Windows 10 Operating System,1 TB SSD,33.78 cm (13.3 inch) Touchscreen Display,1 Year Onsite Warranty,175200.0,16,4,Intel,i7,10,Windows,1000,SSD,15.6,HP,No,No,1 ,0
74,Lenovo Ideapad S145 Core i5 10th Gen - (8 GB/1 TB HDD/256 GB SSD/Windows 10 Home) 81W8 Ideapad S145-15...,Intel Core i5 Processor (10th Gen),8 GB DDR4 RAM,64 bit Windows 10 Operating System,1 TB HDD|256 GB SSD,39.62 cm (15.6 inch) Display,1 Year Onsite Warranty,49990.0,8,4,Intel,i5,10,Windows,1000+256,Both,15.6,Lenovo,No,No,256 ,1000
75,Acer Nitro 5 Core i7 8th Gen - (8 GB + 16 GB Optane/1 TB HDD/Windows 10 Home/4 GB Graphics/NVIDIA Gefo...,Intel Core i7 Processor (8th Gen),8 GB DDR4 RAM,64 bit Windows 10 Operating System,1 TB HDD,39.62 cm (15.6 inch) Display,1 Year International Travelers Warranty (ITW),69990.0,8,4,Intel,i7,8,Windows,1000,HDD,15.6,Acer,Yes,No,1 TB HDD,0
76,Lenovo Ideapad 330 Core i3 7th Gen - (4 GB/1 TB HDD/Windows 10 Home) 330-15IKB Laptop,Intel Core i3 Processor (7th Gen),4 GB DDR4 RAM,64 bit Windows 10 Operating System,1 TB HDD,39.62 cm (15.6 inch) Display,1 Year Onsite Warranty,43990.0,4,4,Intel,i3,7,Windows,1000,HDD,15.6,Lenovo,No,No,1 TB HDD,0
77,Asus ZenBook Flip 14 Ryzen 7 Quad Core 2nd Gen - (8 GB/512 GB SSD/Windows 10 Home) UM462DA-AI701TS 2 i...,AMD Ryzen 7 Quad Core Processor (2nd Gen),8 GB DDR4 RAM,64 bit Windows 10 Operating System,512 GB SSD,35.56 cm (14 inch) Touchscreen Display,1 Year Limited International Hardware Warranty,74910.0,8,4,AMD,Ryzen 7,2,Windows,512,SSD,14.0,Asus,No,No,512 ,0
78,Lenovo Ideapad S145 Core i3 8th Gen - (4 GB/1 TB HDD/DOS) S145-15IKB Laptop,Intel Core i3 Processor (8th Gen),4 GB DDR4 RAM,DOS Operating System,1 TB HDD,39.62 cm (15.6 inch) Display,1 Year Onsite Warranty,29990.0,4,4,Intel,i3,8,DOS,1000,HDD,15.6,Lenovo,No,No,1 TB HDD,0
79,HP 15s Core i3 10th Gen - (4 GB/1 TB HDD/Windows 10 Home) 15s-du2058TU Thin and Light Laptop,Intel Core i3 Processor (10th Gen),4 GB DDR4 RAM,64 bit Windows 10 Operating System,1 TB HDD,39.62 cm (15.6 inch) Display,1 Year Onsite Warranty,37690.0,4,4,Intel,i3,10,Windows,1000,HDD,14.0,HP,No,Yes,1 TB HDD,0
80,Asus VivoBook 14 APU Quad Core A12 - (4 GB/1 TB HDD/Windows 10 Home) X411QA-EK002T Thin and Light Lapt...,AMD APU Quad Core A12 Processor,4 GB DDR4 RAM,64 bit Windows 10 Operating System,1 TB HDD,35.56 cm (14 inch) Display,1 Year Limited Hardware Warranty,26990.0,4,4,AMD,APU,0,Windows,1000,HDD,14.0,Asus,No,No,1 TB HDD,0
81,Acer One 14 Pentium Dual Core - (4 GB/1 TB HDD/Windows 10 Home) Z2-485 Thin and Light Laptop,Intel Pentium Dual Core Processor,4 GB DDR4 RAM,64 bit Windows 10 Operating System,1 TB HDD,35.56 cm (14 inch) Display,1 Year International Travelers Warranty (ITW),27420.0,4,4,Intel,Pentium,0,Windows,1000,HDD,14.0,Acer,No,No,1 TB HDD,0
82,HP 15 Ryzen 3 Dual Core - (4 GB/1 TB HDD/Windows 10 Home) 15-db1069AU Laptop,AMD Ryzen 3 Dual Core Processor,4 GB DDR4 RAM,64 bit Windows 10 Operating System,1 TB HDD,39.62 cm (15.6 inch) Display,1 Year Onsite Warranty,29990.0,4,4,AMD,Ryzen 3,0,Windows,1000,HDD,13.0,HP,No,No,1 TB HDD,0
83,Lenovo Ideapad S340 Core i3 10th Gen - (8 GB/1 TB HDD/Windows 10 Home) S340-14IIL Thin and Light Lapto...,Intel Core i3 Processor (10th Gen),8 GB DDR4 RAM,64 bit Windows 10 Operating System,1 TB HDD,35.56 cm (14 inch) Display,1 Year Onsite Warranty,40990.0,8,4,Intel,i3,10,Windows,1000,HDD,14.0,Lenovo,No,No,1 TB HDD,0
84,Dell Vostro Core i5 10th Gen - (8 GB/1 TB HDD/256 GB SSD/Windows 10 Home) Vostro 14 3491 Thin and Ligh...,Intel Core i5 Processor (10th Gen),8 GB DDR4 RAM,64 bit Windows 10 Operating System,1 TB HDD|256 GB SSD,35.56 cm (14 inch) Display,"1 Year Limited Hardware Warranty, In Home Service After Remote Diagnosis - Retail",53859.0,8,4,Intel,i5,10,Windows,1000+256,Both,14.0,Dell,No,No,256 ,1000
85,HP Pavilion x360 Core i3 8th Gen - (4 GB/256 GB SSD/Windows 10 Home) 14-dh0107TU 2 in 1 Laptop,Intel Core i3 Processor (8th Gen),4 GB DDR4 RAM,64 bit Windows 10 Operating System,256 GB SSD,35.56 cm (14 inch) Touchscreen Display,1 Year Onsite Warranty,48240.0,4,4,Intel,i3,8,Windows,256,SSD,15.6,HP,No,No,256 ,0
86,Avita Liber Core i5 7th Gen - (8 GB/128 GB SSD/Windows 10 Home) NS14A1IN501P Thin and Light Laptop,Intel Core i5 Processor (7th Gen),8 GB DDR3 RAM,64 bit Windows 10 Operating System,128 GB SSD,35.56 cm (14 inch) Display,18 Months Warranty + 6 Months Extended Warranty (6 Months Extended Warranty Upon Online Product Registration on www.avita-india.com),41990.0,8,3,Intel,i5,7,Windows,128,SSD,14.0,Avita,No,No,128 ,0
87,HP Pavilion Gaming Ryzen 5 Quad Core - (8 GB/512 GB SSD/Windows 10 Home/4 GB Graphics/NVIDIA Geforce G...,AMD Ryzen 5 Quad Core Processor,8 GB DDR4 RAM,64 bit Windows 10 Operating System,512 GB SSD,39.62 cm (15.6 inch) Display,1 Year Onsite Warranty,59990.0,8,4,AMD,Ryzen 5,0,Windows,512,SSD,15.6,HP,Yes,No,512 ,0
88,Asus ZenBook Duo Core i5 10th Gen - (8 GB/512 GB SSD/Windows 10 Home/2 GB Graphics) UX481FL-B5811T Thi...,Intel Core i5 Processor (10th Gen),8 GB DDR3 RAM,64 bit Windows 10 Operating System,512 GB SSD,35.56 cm (14 inch) Display,1 Year Limited International Hardware Warranty,99990.0,8,3,Intel,i5,10,Windows,512,SSD,14.0,Asus,Yes,Yes,512 ,0
89,HP 15s Core i5 10th Gen - (8 GB/1 TB HDD/256 GB SSD/Windows 10 Home) 15s-dy2008TU Laptop,Intel Core i5 Processor (10th Gen),8 GB DDR4 RAM,64 bit Windows 10 Operating System,1 TB HDD|256 GB SSD,39.62 cm (15.6 inch) Display,1 Year Onsite Warranty,53990.0,8,4,Intel,i5,10,Windows,1000+256,Both,15.6,HP,No,No,256 ,1000
90,HP 15s Core i5 10th Gen - (8 GB/512 GB SSD/Windows 10 Home) 15s-du2078TU Thin and Light Laptop,Intel Core i5 Processor (10th Gen),8 GB DDR4 RAM,64 bit Windows 10 Operating System,512 GB SSD,39.62 cm (15.6 inch) Display,1 Year Onsite Warranty,52990.0,8,4,Intel,i5,10,Windows,512,SSD,14.0,HP,No,No,512 ,0
91,Apple MacBook Core m3 7th Gen - (8 GB/256 GB SSD/Mac OS Sierra) MNYH2HN/A,Intel Core m3 Processor (7th Gen),8 GB DDR3 RAM,64 bit Mac OS Operating System,256 GB SSD,30.48 cm (12 inch) Display,1 Year Warranty,112990.0,8,3,Intel,m3,7,Mac,256,SSD,15.6,Apple,No,No,256 ,0
92,Asus ZenBook Pro Duo Core i9 9th Gen - (32 GB/1 TB SSD/Windows 10 Home/6 GB Graphics) UX581GV-H2041T L...,Intel Core i9 Processor (9th Gen),32 GB DDR4 RAM,64 bit Windows 10 Operating System,1 TB SSD,39.62 cm (15.6 inch) Touchscreen Display,1 Year Onsite Warranty,244191.0,32,4,Intel,i9,9,Windows,1000,SSD,15.6,Asus,Yes,No,1 ,0
93,HP 14s Core i3 10th Gen - (4 GB/256 GB SSD/Windows 10 Home) 14s-cf3047TU Thin and Light Laptop,Intel Core i3 Processor (10th Gen),4 GB DDR4 RAM,64 bit Windows 10 Operating System,256 GB SSD,35.56 cm (14 inch) Display,1 Year Onsite Warranty,34490.0,4,4,Intel,i3,10,Windows,256,SSD,14.0,HP,No,Yes,256 ,0
94,Lenovo Ideapad 3 Core i3 10th Gen - (4 GB/1 TB HDD/Windows 10 Home) 14IIL05 Thin and Light Laptop,Intel Core i3 Processor (10th Gen),4 GB DDR4 RAM,64 bit Windows 10 Operating System,1 TB HDD,35.56 cm (14 inch) Display,1 Year Onsite Warranty,32990.0,4,4,Intel,i3,10,Windows,1000,HDD,15.6,Lenovo,No,No,1 TB HDD,0
95,Asus Vivobook 15 Core i7 8th Gen - (8 GB/512 GB SSD/Windows 10 Home/2 GB Graphics) X512FL-EJ702T Thin ...,Intel Core i7 Processor (8th Gen),8 GB DDR4 RAM,64 bit Windows 10 Operating System,512 GB SSD,39.62 cm (15.6 inch) Display,1 Year Onsite Warranty,72990.0,8,4,Intel,i7,8,Windows,512,SSD,13.3,Asus,Yes,No,512 ,0
96,Lenovo Ideapad 720S Core i5 8th Gen - (8 GB/512 GB SSD/Windows 10 Home) 720S-13IKB Thin and Light Lapt...,Intel Core i5 Processor (8th Gen),8 GB DDR4 RAM,64 bit Windows 10 Operating System,512 GB SSD,33.78 cm (13.3 inch) Display,1 Year Onsite Warranty,83458.0,8,4,Intel,i5,8,Windows,512,SSD,13.3,Lenovo,No,No,512 ,0
97,HP 15s Core i3 10th Gen - (8 GB/1 TB HDD/Windows 10 Home) 15s-du2002TU Thin and Light Laptop,Intel Core i3 Processor (10th Gen),8 GB DDR4 RAM,64 bit Windows 10 Operating System,1 TB HDD,39.62 cm (15.6 inch) Display,1 Year Onsite Warranty,46850.0,8,4,Intel,i3,10,Windows,1000,HDD,15.6,HP,No,No,1 TB HDD,0
98,Apple MacBook Pro Core i9 9th Gen - (16 GB/1 TB SSD/Mac OS Catalina/4 GB Graphics) MVVK2HN/A,Intel Core i9 Processor (9th Gen),16 GB DDR4 RAM,Mac OS Operating System,1 TB SSD,40.64 cm (16 inch) Display,1 Year Onsite Warranty,239900.0,16,4,Intel,i9,9,Mac,1000,SSD,16.0,Apple,Yes,No,1 ,0
99,HP Spectre x360 Core i5 10th Gen - (8 GB/512 GB SSD/Windows 10 Home) 13-aw0204TU 2 in 1 Laptop,Intel Core i5 Processor (10th Gen),8 GB DDR4 RAM,64 bit Windows 10 Operating System,512 GB SSD,33.78 cm (13.3 inch) Touchscreen Display,1 Year Onsite Warranty,102990.0,8,4,Intel,i5,10,Windows,512,SSD,13.3,HP,No,Yes,512 ,0
100,Asus ZenBook 13 Core i7 8th Gen - (8 GB/512 GB SSD/Windows 10 Home) UX333FA-A4116T Thin and Light Lapt...,Intel Core i7 Processor (8th Gen),8 GB DDR3 RAM,64 bit Windows 10 Operating System,512 GB SSD,33.78 cm (13.3 inch) Display,1 Year Onsite Warranty,81351.0,8,3,Intel,i7,8,Windows,512,SSD,13.3,Asus,No,No,512 ,0
101,Asus VivoBook 14 Core i5 10th Gen - (8 GB/1 TB HDD/256 GB SSD/Windows 10 Home) X412FA-EK513T Thin and ...,Intel Core i5 Processor (10th Gen),8 GB DDR4 RAM,64 bit Windows 10 Operating System,1 TB HDD|256 GB SSD,35.56 cm (14 inch) Display,1 Year Onsite Warranty,55990.0,8,4,Intel,i5,10,Windows,1000+256,Both,14.0,Asus,No,No,256 ,1000
102,Lenovo Ideapad 520 Core i5 8th Gen - (4 GB/1 TB HDD/Windows 10 Home/2 GB Graphics) 520-15IKB Laptop,Intel Core i5 Processor (8th Gen),4 GB DDR4 RAM,64 bit Windows 10 Operating System,1 TB HDD,39.62 cm (15.6 inch) Display,1 Year Onsite Warranty,55139.0,4,4,Intel,i5,8,Windows,1000,HDD,15.6,Lenovo,Yes,No,1 TB HDD,0
103,Asus VivoBook 14 Core i5 8th Gen - (8 GB/512 GB SSD/Windows 10 Home/2 GB Graphics) X412FJ-EK178T Thin ...,Intel Core i5 Processor (8th Gen),8 GB DDR4 RAM,64 bit Windows 10 Operating System,512 GB SSD,35.56 cm (14 inch) Display,1 Year Limited International Hardware Warranty,55990.0,8,4,Intel,i5,8,Windows,512,SSD,14.0,Asus,Yes,No,512 ,0
104,Alienware 17 Core i7 8th Gen - (16 GB/1 TB HDD/512 GB SSD/Windows 10 Home/8 GB Graphics/NVIDIA Geforce...,Intel Core i7 Processor (8th Gen),16 GB DDR4 RAM,64 bit Windows 10 Operating System,1 TB HDD|512 GB SSD,43.94 cm (17.3 inch) Display,1 Year Onsite Warranty,189990.0,16,4,Intel,i7,8,Windows,1000+512,Both,17.3,Alienware,Yes,No,512 ,1000
105,Microsoft Surface Go Pentium Gold - (4 GB/64 GB EMMC Storage/Windows 10 Home in S Mode) 1824 2 in 1 La...,Intel Pentium Gold Processor,4 GB DDR3 RAM,64 bit Windows 10 Operating System,128 GB SSD,25.4 cm (10 inch) Touchscreen Display,1 Year Limited Hardware Warranty,38599.0,4,3,Intel,Pentium,0,Windows,128,SSD,10.0,Microsoft,No,Yes,128 ,0
106,Microsoft Surface Laptop 3 Ryzen 5 Quad Core - (8 GB/128 GB SSD/Windows 10 Home) 1873 Laptop,AMD Ryzen 5 Quad Core Processor,8 GB DDR4 RAM,64 bit Windows 10 Operating System,128 GB SSD,38.1 cm (15 inch) Touchscreen Display,1 Year Limited Hardware Warranty,93999.0,8,4,AMD,Ryzen 5,0,Windows,128,SSD,15.0,Microsoft,No,Yes,128 ,0
107,Asus VivoBook 15 Ryzen 5 Quad Core - (8 GB/1 TB HDD/256 GB SSD/Windows 10 Home) X512DA-EJ1298TS Thin a...,AMD Ryzen 5 Quad Core Processor,8 GB DDR4 RAM,64 bit Windows 10 Operating System,1 TB HDD|256 GB SSD,39.62 cm (15.6 inch) Display,1 Year Onsite Warranty,47990.0,8,4,AMD,Ryzen 5,0,Windows,1000+256,Both,15.6,Asus,No,No,256 ,1000
108,Asus VivoBook 14 Core i3 10th Gen - (4 GB/256 GB SSD/Windows 10 Home) X412FA-EK363T Thin and Light Lap...,Intel Core i3 Processor (10th Gen),4 GB DDR4 RAM,64 bit Windows 10 Operating System,256 GB SSD,35.56 cm (14 inch) Display,1 Year Onsite Warranty,35990.0,4,4,Intel,i3,10,Windows,256,SSD,14.0,Asus,No,No,256 ,0
109,Acer Swift 3 Core i5 8th Gen - (8 GB/512 GB SSD/Windows 10 Home/2 GB Graphics) SF314-55G Thin and Ligh...,Intel Core i5 Processor (8th Gen),8 GB DDR4 RAM,64 bit Windows 10 Operating System,512 GB SSD,35.56 cm (14 inch) Display,1 Year International Travelers Warranty (ITW),54990.0,8,4,Intel,i5,8,Windows,512,SSD,14.0,Acer,Yes,No,512 ,0
110,Lenovo Ideapad 130 Core i3 7th Gen - (4 GB/1 TB HDD/Windows 10 Home) 130-15IKB Laptop,Intel Core i3 Processor (7th Gen),4 GB DDR4 RAM,64 bit Windows 10 Operating System,1 TB HDD,39.62 cm (15.6 inch) Display,1 Year Onsite Warranty,32990.0,4,4,Intel,i3,7,Windows,1000,HDD,15.6,Lenovo,No,No,1 TB HDD,0
111,HP 15s Core i3 10th Gen - (4 GB/1 TB HDD/Windows 10 Home) 15s-du2009TU Thin and Light Laptop,Intel Core i3 Processor (10th Gen),4 GB DDR4 RAM,64 bit Windows 10 Operating System,1 TB HDD,39.62 cm (15.6 inch) Display,1 Year Onsite Warranty,39990.0,4,4,Intel,i3,10,Windows,1000,HDD,15.6,HP,No,No,1 TB HDD,0
112,Asus VivoBook 14 Core i3 10th Gen - (4 GB/256 GB SSD/Windows 10 Home) X412FA-EK362T Thin and Light Lap...,Intel Core i3 Processor (10th Gen),4 GB DDR4 RAM,64 bit Windows 10 Operating System,256 GB SSD,35.56 cm (14 inch) Display,1 Year Onsite Warranty,35990.0,4,4,Intel,i3,10,Windows,256,SSD,14.0,Asus,No,No,256 ,0
113,Asus ZenBook Core i5 8th Gen - (8 GB/256 GB SSD/Windows 10 Home) UX430UA-GV573T Thin and Light Laptop,Intel Core i5 Processor (8th Gen),8 GB DDR3 RAM,64 bit Windows 10 Operating System,256 GB SSD,35.56 cm (14 inch) Display,1 Year Limited International Hardware Warranty,47990.0,8,3,Intel,i5,8,Windows,256,SSD,14.0,Asus,No,No,256 ,0
114,HP 15q APU Dual Core A9 - (4 GB/1 TB HDD/Windows 10 Home) 15q-dy0007AU Laptop,AMD APU Dual Core A9 Processor,4 GB DDR4 RAM,64 bit Windows 10 Operating System,1 TB HDD,39.62 cm (15.6 inch) Display,1 Year Onsite Warranty,25990.0,4,4,AMD,APU,0,Windows,1000,HDD,15.6,HP,No,No,1 TB HDD,0
115,Asus VivoBook S Series Core i5 8th Gen - (8 GB/1 TB HDD/256 GB SSD/Windows 10 Home) S430FA-EB026T Thin...,Intel Core i5 Processor (8th Gen),8 GB DDR4 RAM,64 bit Windows 10 Operating System,1 TB HDD|256 GB SSD,35.56 cm (14 inch) Display,1 Year Limited International Hardware Warranty,53990.0,8,4,Intel,i5,8,Windows,1000+256,Both,14.0,Asus,No,No,256 ,1000
116,Dell Vostro 14 3000 Core i5 8th Gen - (8 GB/1 TB HDD/Linux/2 GB Graphics) VOS 3480 Laptop,Intel Core i5 Processor (8th Gen),8 GB DDR4 RAM,Linux/Ubuntu Operating System,1 TB HDD,35.56 cm (14 inch) Display,"1 Year Limited Hardware Warranty, InHome Service After Remote Diagnosis",43990.0,8,4,Intel,i5,8,Linux,1000,HDD,14.0,Dell,Yes,No,1 TB HDD,0
117,Lenovo Ideapad L340 Core i5 9th Gen - (8 GB/1 TB HDD/Windows 10 Home/4 GB Graphics/NVIDIA Geforce GTX ...,Intel Core i5 Processor (9th Gen),8 GB DDR4 RAM,64 bit Windows 10 Operating System,1 TB HDD,39.62 cm (15.6 inch) Display,1 Year Onsite Warranty,56990.0,8,4,Intel,i5,9,Windows,1000,HDD,15.6,Lenovo,Yes,No,1 TB HDD,0
118,Acer Aspire 5 Core i5 10th Gen - (8 GB/512 GB SSD/Windows 10 Home/2 GB Graphics) A515-54 Laptop,Intel Core i5 Processor (10th Gen),8 GB DDR4 RAM,64 bit Windows 10 Operating System,512 GB SSD,39.62 cm (15.6 inch) Display,1 Year International Travelers Warranty (ITW),57990.0,8,4,Intel,i5,10,Windows,512,SSD,15.6,Acer,Yes,No,512 ,0
119,Asus ROG Strix G Core i5 9th Gen - (8 GB/1 TB SSD/Windows 10 Home/4 GB Graphics/NVIDIA Geforce GTX 165...,Intel Core i5 Processor (9th Gen),8 GB DDR4 RAM,64 bit Windows 10 Operating System,1 TB SSD,39.62 cm (15.6 inch) Display,1 Year Onsite Warranty,71990.0,8,4,Intel,i5,9,Windows,1000,SSD,15.6,Asus,Yes,No,1 ,0
120,Asus ZenBook Duo Core i5 10th Gen - (8 GB/512 GB SSD/Windows 10 Home/2 GB Graphics) UX481FL-B5811T Thi...,Intel Core i5 Processor (10th Gen),8 GB DDR3 RAM,64 bit Windows 10 Operating System,512 GB SSD,35.56 cm (14 inch) Display,1 Year Limited International Hardware Warranty,99990.0,8,3,Intel,i5,10,Windows,512,SSD,14.0,Asus,Yes,No,512 ,0
121,HP Pavilion 15-EC Ryzen 5 Quad Core - (8 GB/1 TB HDD/128 GB SSD/Windows 10 Home/3 GB Graphics/NVIDIA G...,AMD Ryzen 5 Quad Core Processor,8 GB DDR4 RAM,64 bit Windows 10 Operating System,1 TB HDD|128 GB SSD,39.62 cm (15.6 inch) Display,1 Year Onsite Warranty,51990.0,8,4,AMD,Ryzen 5,0,Windows,1000+128,Both,15.6,HP,Yes,No,128 ,1000
122,Lenovo Ideapad S340 Core i3 10th Gen - (8 GB/1 TB HDD/Windows 10 Home) S340-14IIL Thin and Light Lapto...,Intel Core i3 Processor (10th Gen),8 GB DDR4 RAM,64 bit Windows 10 Operating System,1 TB HDD,35.56 cm (14 inch) Display,1 Year Onsite Warranty,40990.0,8,4,Intel,i3,10,Windows,1000,HDD,14.0,Lenovo,No,No,1 TB HDD,0
123,Acer NITRO 5 Core i5 9th Gen - (8 GB/2 TB HDD/256 GB SSD/Windows 10 Home/6 GB Graphics/NVIDIA Geforce ...,Intel Core i5 Processor (9th Gen),8 GB DDR4 RAM,64 bit Windows 10 Operating System,2 TB HDD|256 GB SSD,39.62 cm (15.6 inch) Display,1 Year International Warranty,84990.0,8,4,Intel,i5,9,Windows,1000+256,Both,15.6,Acer,Yes,No,256 ,2000
124,Lenovo Ideapad 520 Core i5 8th Gen - (4 GB/1 TB HDD/Windows 10 Home/2 GB Graphics) 520-15IKB Laptop,Intel Core i5 Processor (8th Gen),4 GB DDR4 RAM,64 bit Windows 10 Operating System,1 TB HDD,39.62 cm (15.6 inch) Display,1 Year Onsite Warranty,55139.0,4,4,Intel,i5,8,Windows,1000,HDD,15.6,Lenovo,Yes,No,1 TB HDD,0
125,Apple MacBook Pro Core i9 9th Gen - (16 GB/1 TB SSD/Mac OS Catalina/4 GB Graphics) MVVK2HN/A,Intel Core i9 Processor (9th Gen),16 GB DDR4 RAM,Mac OS Operating System,1 TB SSD,40.64 cm (16 inch) Display,1 Year Onsite Warranty,239900.0,16,4,Intel,i9,9,Mac,1000,SSD,16.0,Apple,Yes,No,1 ,0
126,Acer Swift 5 Core i5 8th Gen - (8 GB/512 GB SSD/Windows 10 Home) SF514-52T -59JY Thin and Light Laptop,Intel Core i5 Processor (8th Gen),8 GB DDR3 RAM,64 bit Windows 10 Operating System,512 GB SSD,35.56 cm (14 inch) Display,1 Year International Travelers Warranty (ITW),70990.0,8,3,Intel,i5,8,Windows,512,SSD,14.0,Acer,No,No,512 ,0
127,Asus VivoBook 14 APU Quad Core A12 - (4 GB/1 TB HDD/Windows 10 Home) X411QA-EK001T Thin and Light Lapt...,AMD APU Quad Core A12 Processor,4 GB DDR4 RAM,64 bit Windows 10 Operating System,1 TB HDD,35.56 cm (14 inch) Display,1 Year Onsite Warranty,26990.0,4,4,AMD,APU,0,Windows,1000,HDD,14.0,Asus,No,No,1 TB HDD,0
128,Acer Swift 3 Core i5 8th Gen - (8 GB/256 GB SSD/Windows 10 Home) SF313-51-506P Thin and Light Laptop,Intel Core i5 Processor (8th Gen),8 GB DDR4 RAM,64 bit Windows 10 Operating System,256 GB SSD,33.78 cm (13.3 inch) Display,1 Year International Travelers Warranty (ITW),57990.0,8,4,Intel,i5,8,Windows,256,SSD,13.3,Acer,No,No,256 ,0
129,Microsoft Surface Laptop 3 Ryzen 5 Quad Core - (8 GB/128 GB SSD/Windows 10 Home) 1873 Laptop,AMD Ryzen 5 Quad Core Processor,8 GB DDR4 RAM,64 bit Windows 10 Operating System,128 GB SSD,38.1 cm (15 inch) Touchscreen Display,1 Year Limited Hardware Warranty,93999.0,8,4,AMD,Ryzen 5,0,Windows,128,SSD,15.0,Microsoft,No,Yes,128 ,0
130,Acer Swift 3 Core i5 10th Gen - (8 GB/512 GB SSD/Windows 10 Home/2 GB Graphics) SF314-57/SF314-57G Thi...,Intel Core i5 Processor (10th Gen),8 GB DDR4 RAM,64 bit Windows 10 Operating System,512 GB SSD,35.56 cm (14 inch) Display,1 Year International Travelers Warranty (ITW),65490.0,8,4,Intel,i5,10,Windows,512,SSD,14.0,Acer,Yes,No,512 ,0
131,Asus VivoBook 14 Core i5 8th Gen - (8 GB/512 GB SSD/Windows 10 Home) X412FA-EK268T Thin and Light Lapt...,Intel Core i5 Processor (8th Gen),8 GB DDR4 RAM,64 bit Windows 10 Operating System,512 GB SSD,35.56 cm (14 inch) Display,1 Year Limited International Hardware Warranty,50990.0,8,4,Intel,i5,8,Windows,512,SSD,14.0,Asus,No,No,512 ,0
132,Lenovo Ideapad 330 Core i3 7th Gen - (4 GB/1 TB HDD/Windows 10 Home) 330-15IKB Laptop,Intel Core i3 Processor (7th Gen),4 GB DDR4 RAM,64 bit Windows 10 Operating System,1 TB HDD,39.62 cm (15.6 inch) Display,1 Year Onsite Warranty,43990.0,4,4,Intel,i3,7,Windows,1000,HDD,15.6,Lenovo,No,No,1 TB HDD,0
133,Asus VivoBook 14 Core i5 10th Gen - (8 GB/1 TB HDD/256 GB SSD/Windows 10 Home) X412FA-EK513T Thin and ...,Intel Core i5 Processor (10th Gen),8 GB DDR4 RAM,64 bit Windows 10 Operating System,1 TB HDD|256 GB SSD,35.56 cm (14 inch) Display,1 Year Onsite Warranty,55990.0,8,4,Intel,i5,10,Windows,1000+256,Both,14.0,Asus,No,No,256 ,1000
134,Nexstgo Core i5 8th Gen - (16 GB/512 GB SSD/Windows 10 Pro) NX101 Thin and Light Laptop,Intel Core i5 Processor (8th Gen),16 GB DDR4 RAM,64 bit Windows 10 Operating System,512 GB SSD,35.56 cm (14 inch) Display,3 Years Onsite Warranty,97990.0,16,4,Intel,i5,8,Windows,512,SSD,14.0,Nexstgo,No,No,512 ,0
135,HP Spectre x360 Core i7 10th Gen - (16 GB/512 GB SSD/Windows 10 Pro) 13-aw0205tu 2 in 1 Laptop,Intel Core i7 Processor (10th Gen),16 GB DDR4 RAM,64 bit Windows 10 Operating System,512 GB SSD,33.78 cm (13.3 inch) Touchscreen Display,1 Year Onsite Warranty,164999.0,16,4,Intel,i7,10,Windows,512,SSD,13.3,HP,No,Yes,512 ,0
136,MSI GS Core i7 8th Gen - (16 GB/512 GB SSD/Windows 10 Home/6 GB Graphics/NVIDIA Geforce GTX 1060) GS65...,Intel Core i7 Processor (8th Gen),16 GB DDR4 RAM,64 bit Windows 10 Operating System,512 GB SSD,39.62 cm (15.6 inch) Display,2 Years Carry In Warranty,149990.0,16,4,Intel,i7,8,Windows,512,SSD,15.6,MSI,Yes,No,512 ,0
137,Lenovo Ideapad 3 Core i3 10th Gen - (4 GB/1 TB HDD/Windows 10 Home) 14IIL05 Thin and Light Laptop,Intel Core i3 Processor (10th Gen),4 GB DDR4 RAM,64 bit Windows 10 Operating System,512 GB SSD,35.56 cm (14 inch) Display,1 Year Onsite Warranty,32990.0,4,4,Intel,i3,10,Windows,512,SSD,14.0,Lenovo,No,No,512 ,0
138,HP Pavilion x360 Core i5 8th Gen - (8 GB/1 TB HDD/Windows 10 Home) 14-dh0150TU 2 in 1 Laptop,Intel Core i5 Processor (8th Gen),8 GB DDR4 RAM,64 bit Windows 10 Operating System,1 TB HDD,35.56 cm (14 inch) Touchscreen Display,1 Year Onsite Warranty,61990.0,8,4,Intel,i5,8,Windows,1000,HDD,14.0,HP,No,Yes,1 TB HDD,0
139,Alienware 15 Core i9 8th Gen - (32 GB/1 TB HDD/1 TB SSD/Windows 10 Home/8 GB Graphics/NVIDIA Geforce G...,Intel Core i9 Processor (8th Gen),32 GB DDR4 RAM,64 bit Windows 10 Operating System,1 TB HDD,39.62 cm (15.6 inch) Display,1 Year Onsite Warranty,297990.0,32,4,Intel,i9,8,Windows,1000,HDD,15.6,Alienware,Yes,No,1 TB HDD,0
140,Lenovo Ideapad 720S Core i7 8th Gen - (8 GB/512 GB SSD/Windows 10 Home) 720S-13IKB Thin and Light Lapt...,Intel Core i7 Processor (8th Gen),8 GB DDR4 RAM,64 bit Windows 10 Operating System,1 TB HDD|1 TB SSD,33.78 cm (13.3 inch) Display,1 Year Onsite Warranty,95695.0,8,4,Intel,i7,8,Windows,1000,Both,13.3,Lenovo,No,No,1 ,1000
141,Lenovo Legion Y530 Core i5 8th Gen - (8 GB/1 TB HDD/128 GB SSD/Windows 10 Home/4 GB Graphics/NVIDIA Ge...,Intel Core i5 Processor (8th Gen),8 GB DDR4 RAM,64 bit Windows 10 Operating System,512 GB SSD,39.62 cm (15.6 inch) Display,1 Year Onsite Warranty,98890.0,8,4,Intel,i5,8,Windows,512,SSD,15.6,Lenovo,Yes,No,512 ,0
142,Alienware 17 Core i7 8th Gen - (16 GB/1 TB HDD/512 GB SSD/Windows 10 Home/8 GB Graphics/NVIDIA Geforce...,Intel Core i7 Processor (8th Gen),16 GB DDR4 RAM,64 bit Windows 10 Operating System,1 TB HDD|128 GB SSD,43.94 cm (17.3 inch) Display,1 Year Onsite Warranty,189990.0,16,4,Intel,i7,8,Windows,1000+128,Both,17.3,Alienware,Yes,No,128 ,1000
143,Microsoft Surface Go Pentium Gold - (4 GB/64 GB EMMC Storage/Windows 10 Home in S Mode) 1824 2 in 1 La...,Intel Pentium Gold Processor,4 GB DDR3 RAM,64 bit Windows 10 Operating System,1 TB HDD|512 GB SSD,25.4 cm (10 inch) Touchscreen Display,1 Year Limited Hardware Warranty,38599.0,4,3,Intel,Pentium,0,Windows,1000+512,Both,10.0,Microsoft,No,Yes,512 ,1000
144,HP Pavilion x360 Core i5 8th Gen - (8 GB/1 TB HDD/Windows 10 Home) 14-dh0150TU 2 in 1 Laptop,Intel Core i5 Processor (8th Gen),8 GB DDR4 RAM,64 bit Windows 10 Operating System,1 TB HDD,35.56 cm (14 inch) Touchscreen Display,1 Year Onsite Warranty,61990.0,8,4,Intel,i5,8,Windows,1000,HDD,14.0,HP,No,Yes,1 TB HDD,0
145,Apple MacBook Pro Core i5 8th Gen - (8 GB/256 GB SSD/Mac OS Mojave) MUHP2HN/A,Intel Core i5 Processor (8th Gen),8 GB DDR3 RAM,Mac OS Operating System,256 GB SSD,33.78 cm (13.3 inch) Display,1 Year Onsite Warranty,148999.0,8,3,Intel,i5,8,Mac,256,SSD,13.3,HP,No,No,256 ,0
146,HP 15 - dh Core i7 9th Gen - (16 GB/1 TB HDD/512 GB SSD/Windows 10/8 GB Graphics/NVIDIA Geforce RTX 20...,Intel Core i7 Processor (9th Gen),16 GB DDR4 RAM,Windows 10 Operating System,1 TB HDD|512 GB SSD,39.62 cm (15.6 inch) Display,1 Year Brand Onsite Warranty,179990.0,16,4,Intel,i7,9,Windows,1000+512,Both,15.6,HP,Yes,No,512 ,1000
147,Microsoft Surface Go Pentium Gold - (4 GB/64 GB EMMC Storage/Windows 10 Home in S Mode) 1824 2 in 1 La...,Intel Pentium Gold Processor,4 GB DDR3 RAM,64 bit Windows 10 Operating System,128 GB SSD,25.4 cm (10 inch) Touchscreen Display,1 Year Limited Hardware Warranty,38599.0,4,3,Intel,Pentium,0,Windows,128,SSD,10.0,Microsoft,No,Yes,128 ,0
148,Dell G5 15 SE Ryzen 5 Hexa Core - (8 GB/512 GB SSD/Windows 10 Home/6 GB Graphics/AMD Radeon RX 5600M) ...,AMD Ryzen 5 Hexa Core Processor,8 GB DDR4 RAM,64 bit Windows 10 Operating System,512 GB SSD,39.62 cm (15.6 inch) Display,"1 Year Limited Hardware Warranty, In Home Service After Remote Diagnosis - Retail",74990.0,8,4,AMD,Ryzen 5,0,Windows,512,SSD,15.6,Dell,Yes,No,512 ,0
149,Apple MacBook Pro with Touch Bar Core i5 10th Gen - (16 GB/1 TB SSD/Mac OS Catalina) MWP82HN/A,Intel Core i5 Processor (10th Gen),16 GB LPDDR4X RAM,Mac OS Operating System,1 TB SSD,33.02 cm (13 inch) Display,1 Year Limited Hardware Warranty,194900.0,16,4,Intel,i5,10,Mac,1000,SSD,13.0,Apple,No,No,1 ,0
150,Dell G3 Core i5 9th Gen - (8 GB/512 GB SSD/Windows 10 Home/4 GB Graphics/NVIDIA Geforce GTX 1650) G3 3...,Intel Core i5 Processor (9th Gen),8 GB DDR4 RAM,64 bit Windows 10 Operating System,512 GB SSD,39.62 cm (15.6 inch) Display,"1 Year Limited Hardware Warranty, In Home Service After Remote Diagnosis - Retail",69990.0,8,4,Intel,i5,9,Windows,512,SSD,15.6,Dell,Yes,No,512 ,0
151,Acer Predator Helios 300 Core i7 8th Gen - (8 GB + 16 GB Optane/2 TB HDD/Windows 10 Home/6 GB Graphics...,Intel Core i7 Processor (8th Gen),8 GB DDR4 RAM,64 bit Windows 10 Operating System,2 TB HDD,39.62 cm (15.6 inch) Display,1 Year International Travelers Warranty (ITW),99990.0,8,4,Intel,i7,8,Windows,2000,HDD,15.6,Acer,Yes,No,2 TB HDD,0
152,Acer Swift 3 Athlon Dual Core - (4 GB/1 TB HDD/Windows 10 Home) SF314-41 Thin and Light Laptop,AMD Athlon Dual Core Processor,4 GB DDR4 RAM,64 bit Windows 10 Operating System,1 TB HDD,35.56 cm (14 inch) Display,1 Year International Travelers Warranty (ITW),39999.0,4,4,AMD,Athlon,0,Windows,1000,HDD,14.0,Acer,No,No,1 TB HDD,0
153,MSI GL Core i7 7th Gen - (8 GB/1 TB HDD/DOS/2 GB Graphics/NVIDIA Geforce GTX 1050) GL62M 7RDX-1878XIN ...,Intel Core i7 Processor (7th Gen),8 GB DDR4 RAM,DOS Operating System,1 TB HDD,39.62 cm (15.6 inch) Display,2 Years Warranty,79257.0,8,4,Intel,i7,7,DOS,1000,HDD,15.6,MSI,Yes,No,1 TB HDD,0
154,Asus ZenBook 13 Core i5 8th Gen - (8 GB/512 GB SSD/Windows 10 Home) UX331UAL-EG011T Thin and Light Lap...,Intel Core i5 Processor (8th Gen),8 GB DDR3 RAM,64 bit Windows 10 Operating System,512 GB SSD,33.78 cm (13.3 inch) Display,1 Year Onsite Warranty,75990.0,8,3,Intel,i5,8,Windows,512,SSD,13.3,Asus,No,No,512 ,0
155,MSI Modern 14 Core i7 10th Gen - (8 GB/512 GB SSD/Windows 10 Home/2 GB Graphics) Modern 14 A10RAS-1069...,Intel Core i7 Processor (10th Gen),8 GB DDR4 RAM,64 bit Windows 10 Operating System,512 GB SSD,35.56 cm (14 inch) Display,1 Year Carry In Warranty,79990.0,8,4,Intel,i7,10,Windows,512,SSD,14.0,MSI,Yes,No,512 ,0
156,Acer Swift 7 Core i5 7th Gen - (8 GB/256 GB SSD/Windows 10 Home) SF713-51 Thin and Light Laptop,Intel Core i5 Processor (7th Gen),8 GB DDR3 RAM,64 bit Windows 10 Operating System,256 GB SSD,33.78 cm (13.3 inch) Display,1 Year International Travelers Warranty (ITW),72990.0,8,3,Intel,i5,7,Windows,256,SSD,13.3,Acer,No,No,256 ,0
157,Alienware 17 Core i7 8th Gen - (16 GB/1 TB HDD/512 GB SSD/Windows 10 Home/8 GB Graphics/NVIDIA Geforce...,Intel Core i7 Processor (8th Gen),16 GB DDR4 RAM,64 bit Windows 10 Operating System,1 TB HDD|512 GB SSD,43.94 cm (17.3 inch) Display,1 Year Onsite Warranty,189990.0,16,4,Intel,i7,8,Windows,1000+512,Both,17.3,Alienware,Yes,No,512 ,1000
158,Acer Aspire 3 Core i3 10th Gen - (4 GB/1 TB HDD/Windows 10 Home) A315-56 Laptop,Intel Core i3 Processor (10th Gen),4 GB DDR4 RAM,64 bit Windows 10 Operating System,1 TB HDD,39.62 cm (15.6 inch) Display,1 Year International Travelers Warranty (ITW),40831.0,4,4,Intel,i3,10,Windows,1000,HDD,15.6,Acer,No,No,1 TB HDD,0
159,Dell G3 Core i5 8th Gen - (8 GB/512 GB SSD/Windows 10 Home/4 GB Graphics/NVIDIA Geforce GTX 1050 Ti) G...,Intel Core i5 Processor (8th Gen),8 GB DDR4 RAM,64 bit Windows 10 Operating System,512 GB SSD,39.62 cm (15.6 inch) Display,1 Year Onsite Warranty,78837.0,8,4,Intel,i5,8,Windows,512,SSD,15.6,Dell,Yes,No,512 ,0
160,Dell Inspiron 3000 Core i7 9th Gen - (8 GB/512 GB SSD/Windows 10 Home/4 GB Graphics/NVIDIA Geforce GTX...,Intel Core i7 Processor (9th Gen),8 GB DDR4 RAM,64 bit Windows 10 Operating System,512 GB SSD,39.62 cm (15.6 inch) Display,"1 Year Limited Hardware Warranty, In Home Service After Remote Diagnosis - Retail",93490.0,8,4,Intel,i7,9,Windows,512,SSD,15.6,Dell,Yes,No,512 ,0
161,MSI Prestige 14 Core i7 10th Gen - (16 GB/512 GB SSD/Windows 10 Home/2 GB Graphics) Prestige 14 A10RAS...,Intel Core i7 Processor (10th Gen),16 GB DDR4 RAM,64 bit Windows 10 Operating System,512 GB SSD,35.56 cm (14 inch) Display,1 Year Carry In Warranty,109490.0,16,4,Intel,i7,10,Windows,512,SSD,14.0,MSI,Yes,No,512 ,0
162,Microsoft Surface Pro 6 Core i7 8th Gen - (8 GB/256 GB SSD/Windows 10 Home) 1796 2 in 1 Laptop,Intel Core i7 Processor (8th Gen),8 GB DDR3 RAM,64 bit Windows 10 Operating System,256 GB SSD,31.24 cm (12.3 inch) Touchscreen Display,1 Year Limited Hardware Warranty,135990.0,8,3,Intel,i7,8,Windows,256,SSD,12.3,Microsoft,No,Yes,256 ,0
163,Lenovo Ideapad Slim APU Dual Core A4 - (4 GB/64 GB EMMC Storage/Windows 10 Home) 1-14AST-05 Thin and L...,AMD APU Dual Core A4 Processor,4 GB DDR4 RAM,64 bit Windows 10 Operating System,128 GB SSD,35.56 cm (14 inch) Display,1 Year Onsite Warranty,20990.0,4,4,AMD,APU,0,Windows,128,SSD,14.0,Lenovo,No,No,128 ,0
164,Acer Predator Triton 300 Core i7 9th Gen - (8 GB/2 TB HDD/256 GB SSD/Windows 10 Home/4 GB Graphics/NVI...,Intel Core i7 Processor (9th Gen),8 GB DDR4 RAM,64 bit Windows 10 Operating System,2 TB HDD|256 GB SSD,39.62 cm (15.6 inch) Display,1 Year International Travelers Warranty (ITW),97990.0,8,4,Intel,i7,9,Windows,2000+256,Both,15.6,Acer,Yes,No,256 ,2000
165,Lenovo Yoga 730 Core i5 8th Gen - (8 GB/512 GB SSD/Windows 10 Home) 730-13IKB Thin and Light Laptop,Intel Core i5 Processor (8th Gen),8 GB DDR4 RAM,64 bit Windows 10 Operating System,512 GB SSD,33.78 cm (13.3 inch) Touchscreen Display,1 Year Onsite Warranty,94990.0,8,4,Intel,i5,8,Windows,512,SSD,13.3,Lenovo,No,Yes,512 ,0
166,Asus ZenBook Core i7 10th Gen - (16 GB/1 TB SSD/Windows 10 Home) UX325JA-EG137TS Thin and Light Laptop,Intel Core i7 Processor (10th Gen),16 GB DDR4 RAM,64 bit Windows 10 Operating System,1 TB SSD,33.78 cm (13.3 inch) Display,1 Year Onsite Warranty,99990.0,16,4,Intel,i7,10,Windows,1000,SSD,13.3,Asus,No,No,1 ,0
167,Apple MacBook Pro Core i7 7th Gen - (16 GB/512 GB SSD/Mac OS Sierra/2 GB Graphics) MPTT2HN/A,Intel Core i7 Processor (7th Gen),16 GB DDR3 RAM,64 bit Mac OS Operating System,512 GB SSD,39.12 cm (15.4 inch) Display,1 Year Warranty,229990.0,16,3,Intel,i7,7,Mac,512,SSD,15.4,Apple,Yes,No,512 ,0
